0,2,3,1,6,7,4,9,10,8,16,17
1,6,7,0,2,3,5,13,14,8,16,17,15,26,27
4,9,10,0,2,3,8,16,17,11,19,20,18,29,30
5,13,14,1,6,7,12,23,24,15,26,27,25,39,40
8,16,17,0,2,3,1,6,7,4,9,10,15,26,27,18,29,30,28,42,43
11,19,20,4,9,10,18,29,30,21,32,33,31,45,46
12,23,24,5,13,14,22,36,37,25,39,40,38,55,56
15,26,27,1,6,7,5,13,14,8,16,17,25,39,40,28,42,43,41,58,59
18,29,30,4,9,10,8,16,17,11,19,20,28,42,43,31,45,46,44,61,62
21,32,33,11,19,20,31,45,46,34,48,49,47,64,65
22,36,37,12,23,24,35,52,53,38,55,56,54,74,75
25,39,40,5,13,14,12,23,24,15,26,27,38,55,56,41,58,59,57,77,78
28,42,43,8,16,17,15,26,27,18,29,30,41,58,59,44,61,62,60,80,81
31,45,46,11,19,20,18,29,30,21,32,33,44,61,62,47,64,65,63,83,84
34,48,49,21,32,33,47,64,65,50,67,68,66,86,87
35,52,53,22,36,37,51,71,72,54,74,75,73,96,97
38,55,56,12,23,24,22,36,37,25,39,40,54,74,75,57,77,78,76,99,100
41,58,59,15,26,27,25,39,40,28,42,43,57,77,78,60,80,81,79,102,103
44,61,62,18,29,30,28,42,43,31,45,46,60,80,81,63,83,84,82,105,106
47,64,65,21,32,33,31,45,46,34,48,49,63,83,84,66,86,87,85,108,109
50,67,68,34,48,49,66,86,87,69,89,90,88,111,112
51,71,72,35,52,53,70,93,94,73,96,97,95,121,122
54,74,75,22,36,37,35,52,53,38,55,56,73,96,97,76,99,100,98,124,125
57,77,78,25,39,40,38,55,56,41,58,59,76,99,100,79,102,103,101,127,128
60,80,81,28,42,43,41,58,59,44,61,62,79,102,103,82,105,106,104,130,131
63,83,84,31,45,46,44,61,62,47,64,65,82,105,106,85,108,109,107,133,134
66,86,87,34,48,49,47,64,65,50,67,68,85,108,109,88,111,112,110,136,137
69,89,90,50,67,68,88,111,112,91,114,115,113,139,140
70,93,94,51,71,72,92,118,119,95,121,122,120,149,150
73,96,97,35,52,53,51,71,72,54,74,75,95,121,122,98,124,125,123,152,153
76,99,100,38,55,56,54,74,75,57,77,78,98,124,125,101,127,128,126,155,156
79,102,103,41,58,59,57,77,78,60,80,81,101,127,128,104,130,131,129,158,159
82,105,106,44,61,62,60,80,81,63,83,84,104,130,131,107,133,134,132,161,162
85,108,109,47,64,65,63,83,84,66,86,87,107,133,134,110,136,137,135,164,165
88,111,112,50,67,68,66,86,87,69,89,90,110,136,137,113,139,140,138,167,168
91,114,115,69,89,90,113,139,140,116,142,143,141,170,171
92,118,119,70,93,94,117,146,147,120,149,150,148,180,181
95,121,122,51,71,72,70,93,94,73,96,97,120,149,150,123,152,153,151,183,184
98,124,125,54,74,75,73,96,97,76,99,100,123,152,153,126,155,156,154,186,187
101,127,128,57,77,78,76,99,100,79,102,103,126,155,156,129,158,159,157,189,190
104,130,131,60,80,81,79,102,103,82,105,106,129,158,159,132,161,162,160,192,193
107,133,134,63,83,84,82,105,106,85,108,109,132,161,162,135,164,165,163,195,196
110,136,137,66,86,87,85,108,109,88,111,112,135,164,165,138,167,168,166,198,199
113,139,140,69,89,90,88,111,112,91,114,115,138,167,168,141,170,171,169,201,202
116,142,143,91,114,115,141,170,171,144,173,174,172,204,205
117,146,147,92,118,119,145,177,178,148,180,181,179,214,215
120,149,150,70,93,94,92,118,119,95,121,122,148,180,181,151,183,184,182,217,218
123,152,153,73,96,97,95,121,122,98,124,125,151,183,184,154,186,187,185,220,221
126,155,156,76,99,100,98,124,125,101,127,128,154,186,187,157,189,190,188,223,224
129,158,159,79,102,103,101,127,128,104,130,131,157,189,190,160,192,193,191,226,227
132,161,162,82,105,106,104,130,131,107,133,134,160,192,193,163,195,196,194,229,230
135,164,165,85,108,109,107,133,134,110,136,137,163,195,196,166,198,199,197,232,233
138,167,168,88,111,112,110,136,137,113,139,140,166,198,199,169,201,202,200,235,236
141,170,171,91,114,115,113,139,140,116,142,143,169,201,202,172,204,205,203,238,239
144,173,174,116,142,143,172,204,205,175,207,208,206,241,242
145,177,178,117,146,147,176,211,212,179,214,215,213,249,250
148,180,181,92,118,119,117,146,147,120,149,150,179,214,215,182,217,218,216,252,253
151,183,184,95,121,122,120,149,150,123,152,153,182,217,218,185,220,221,219,255,256
154,186,187,98,124,125,123,152,153,126,155,156,185,220,221,188,223,224,222,258,259
157,189,190,101,127,128,126,155,156,129,158,159,188,223,224,191,226,227,225,261,262
160,192,193,104,130,131,129,158,159,132,161,162,191,226,227,194,229,230,228,264,265
163,195,196,107,133,134,132,161,162,135,164,165,194,229,230,197,232,233,231,267,268
166,198,199,110,136,137,135,164,165,138,167,168,197,232,233,200,235,236,234,270,271
169,201,202,113,139,140,138,167,168,141,170,171,200,235,236,203,238,239,237,273,274
172,204,205,116,142,143,141,170,171,144,173,174,203,238,239,206,241,242,240,276,277
175,207,208,144,173,174,206,241,242,209,244,245,243,279,280
176,211,212,145,177,178,210,246,247,213,249,250,248,283,284
179,214,215,117,146,147,145,177,178,148,180,181,213,249,250,216,252,253,251,286,287
182,217,218,120,149,150,148,180,181,151,183,184,216,252,253,219,255,256,254,289,290
185,220,221,123,152,153,151,183,184,154,186,187,219,255,256,222,258,259,257,292,293
188,223,224,126,155,156,154,186,187,157,189,190,222,258,259,225,261,262,260,295,296
191,226,227,129,158,159,157,189,190,160,192,193,225,261,262,228,264,265,263,298,299
194,229,230,132,161,162,160,192,193,163,195,196,228,264,265,231,267,268,266,301,302
197,232,233,135,164,165,163,195,196,166,198,199,231,267,268,234,270,271,269,304,305
200,235,236,138,167,168,166,198,199,169,201,202,234,270,271,237,273,274,272,307,308
203,238,239,141,170,171,169,201,202,172,204,205,237,273,274,240,276,277,275,310,311
206,241,242,144,173,174,172,204,205,175,207,208,240,276,277,243,279,280,278,313,314
209,244,245,175,207,208,243,279,280,281,316,317
210,246,247,176,211,212,248,283,284,282,318,319
213,249,250,145,177,178,176,211,212,179,214,215,248,283,284,251,286,287,285,321,322
216,252,253,148,180,181,179,214,215,182,217,218,251,286,287,254,289,290,288,324,325
219,255,256,151,183,184,182,217,218,185,220,221,254,289,290,257,292,293,291,327,328
222,258,259,154,186,187,185,220,221,188,223,224,257,292,293,260,295,296,294,330,331
225,261,262,157,189,190,188,223,224,191,226,227,260,295,296,263,298,299,297,333,334
228,264,265,160,192,193,191,226,227,194,229,230,263,298,299,266,301,302,300,336,337
231,267,268,163,195,196,194,229,230,197,232,233,266,301,302,269,304,305,303,339,340
234,270,271,166,198,199,197,232,233,200,235,236,269,304,305,272,307,308,306,342,343
237,273,274,169,201,202,200,235,236,203,238,239,272,307,308,275,310,311,309,345,346
240,276,277,172,204,205,203,238,239,206,241,242,275,310,311,278,313,314,312,348,349
243,279,280,175,207,208,206,241,242,209,244,245,278,313,314,281,316,317,315,351,352
248,283,284,176,211,212,210,246,247,213,249,250,282,318,319,285,321,322,320,355,356
251,286,287,179,214,215,213,249,250,216,252,253,285,321,322,288,324,325,323,358,359
254,289,290,182,217,218,216,252,253,219,255,256,288,324,325,291,327,328,326,361,362
257,292,293,185,220,221,219,255,256,222,258,259,291,327,328,294,330,331,329,364,365
260,295,296,188,223,224,222,258,259,225,261,262,294,330,331,297,333,334,332,367,368
263,298,299,191,226,227,225,261,262,228,264,265,297,333,334,300,336,337,335,370,371
266,301,302,194,229,230,228,264,265,231,267,268,300,336,337,303,339,340,338,373,374
269,304,305,197,232,233,231,267,268,234,270,271,303,339,340,306,342,343,341,376,377
272,307,308,200,235,236,234,270,271,237,273,274,306,342,343,309,345,346,344,379,380
275,310,311,203,238,239,237,273,274,240,276,277,309,345,346,312,348,349,347,382,383
278,313,314,206,241,242,240,276,277,243,279,280,312,348,349,315,351,352,350,385,386
281,316,317,209,244,245,243,279,280,315,351,352,353,388,389
282,318,319,210,246,247,248,283,284,320,355,356,354,390,391
285,321,322,213,249,250,248,283,284,251,286,287,320,355,356,323,358,359,357,393,394
288,324,325,216,252,253,251,286,287,254,289,290,323,358,359,326,361,362,360,396,397
291,327,328,219,255,256,254,289,290,257,292,293,326,361,362,329,364,365,363,399,400
294,330,331,222,258,259,257,292,293,260,295,296,329,364,365,332,367,368,366,402,403
297,333,334,225,261,262,260,295,296,263,298,299,332,367,368,335,370,371,369,405,406
300,336,337,228,264,265,263,298,299,266,301,302,335,370,371,338,373,374,372,408,409
303,339,340,231,267,268,266,301,302,269,304,305,338,373,374,341,376,377,375,411,412
306,342,343,234,270,271,269,304,305,272,307,308,341,376,377,344,379,380,378,414,415
309,345,346,237,273,274,272,307,308,275,310,311,344,379,380,347,382,383,381,417,418
312,348,349,240,276,277,275,310,311,278,313,314,347,382,383,350,385,386,384,420,421
315,351,352,243,279,280,278,313,314,281,316,317,350,385,386,353,388,389,387,423,424
320,355,356,248,283,284,282,318,319,285,321,322,354,390,391,357,393,394,392,427,428
323,358,359,251,286,287,285,321,322,288,324,325,357,393,394,360,396,397,395,430,431
326,361,362,254,289,290,288,324,325,291,327,328,360,396,397,363,399,400,398,433,434
329,364,365,257,292,293,291,327,328,294,330,331,363,399,400,366,402,403,401,436,437
332,367,368,260,295,296,294,330,331,297,333,334,366,402,403,369,405,406,404,439,440
335,370,371,263,298,299,297,333,334,300,336,337,369,405,406,372,408,409,407,442,443
338,373,374,266,301,302,300,336,337,303,339,340,372,408,409,375,411,412,410,445,446
341,376,377,269,304,305,303,339,340,306,342,343,375,411,412,378,414,415,413,448,449
344,379,380,272,307,308,306,342,343,309,345,346,378,414,415,381,417,418,416,451,452
347,382,383,275,310,311,309,345,346,312,348,349,381,417,418,384,420,421,419,454,455
350,385,386,278,313,314,312,348,349,315,351,352,384,420,421,387,423,424,422,457,458
353,388,389,281,316,317,315,351,352,387,423,424,425,460,461
354,390,391,282,318,319,320,355,356,392,427,428,426,462,463
357,393,394,285,321,322,320,355,356,323,358,359,392,427,428,395,430,431,429,465,466
360,396,397,288,324,325,323,358,359,326,361,362,395,430,431,398,433,434,432,468,469
363,399,400,291,327,328,326,361,362,329,364,365,398,433,434,401,436,437,435,471,472
366,402,403,294,330,331,329,364,365,332,367,368,401,436,437,404,439,440,438,474,475
369,405,406,297,333,334,332,367,368,335,370,371,404,439,440,407,442,443,441,477,478
372,408,409,300,336,337,335,370,371,338,373,374,407,442,443,410,445,446,444,480,481
375,411,412,303,339,340,338,373,374,341,376,377,410,445,446,413,448,449,447,483,484
378,414,415,306,342,343,341,376,377,344,379,380,413,448,449,416,451,452,450,486,487
381,417,418,309,345,346,344,379,380,347,382,383,416,451,452,419,454,455,453,489,490
384,420,421,312,348,349,347,382,383,350,385,386,419,454,455,422,457,458,456,492,493
387,423,424,315,351,352,350,385,386,353,388,389,422,457,458,425,460,461,459,495,496
392,427,428,320,355,356,354,390,391,357,393,394,426,462,463,429,465,466,464,499,500
395,430,431,323,358,359,357,393,394,360,396,397,429,465,466,432,468,469,467,502,503
398,433,434,326,361,362,360,396,397,363,399,400,432,468,469,435,471,472,470,505,506
401,436,437,329,364,365,363,399,400,366,402,403,435,471,472,438,474,475,473,508,509
404,439,440,332,367,368,366,402,403,369,405,406,438,474,475,441,477,478,476,511,512
407,442,443,335,370,371,369,405,406,372,408,409,441,477,478,444,480,481,479,514,515
410,445,446,338,373,374,372,408,409,375,411,412,444,480,481,447,483,484,482,517,518
413,448,449,341,376,377,375,411,412,378,414,415,447,483,484,450,486,487,485,520,521
416,451,452,344,379,380,378,414,415,381,417,418,450,486,487,453,489,490,488,523,524
419,454,455,347,382,383,381,417,418,384,420,421,453,489,490,456,492,493,491,526,527
422,457,458,350,385,386,384,420,421,387,423,424,456,492,493,459,495,496,494,529,530
425,460,461,353,388,389,387,423,424,459,495,496,497,532,533
426,462,463,354,390,391,392,427,428,464,499,500,498,534,535
429,465,466,357,393,394,392,427,428,395,430,431,464,499,500,467,502,503,501,537,538
432,468,469,360,396,397,395,430,431,398,433,434,467,502,503,470,505,506,504,540,541
435,471,472,363,399,400,398,433,434,401,436,437,470,505,506,473,508,509,507,543,544
438,474,475,366,402,403,401,436,437,404,439,440,473,508,509,476,511,512,510,546,547
441,477,478,369,405,406,404,439,440,407,442,443,476,511,512,479,514,515,513,549,550
444,480,481,372,408,409,407,442,443,410,445,446,479,514,515,482,517,518,516,552,553
447,483,484,375,411,412,410,445,446,413,448,449,482,517,518,485,520,521,519,555,556
450,486,487,378,414,415,413,448,449,416,451,452,485,520,521,488,523,524,522,558,559
453,489,490,381,417,418,416,451,452,419,454,455,488,523,524,491,526,527,525,561,562
456,492,493,384,420,421,419,454,455,422,457,458,491,526,527,494,529,530,528,564,565
459,495,496,387,423,424,422,457,458,425,460,461,494,529,530,497,532,533,531,567,568
464,499,500,392,427,428,426,462,463,429,465,466,498,534,535,501,537,538,536,571,572
467,502,503,395,430,431,429,465,466,432,468,469,501,537,538,504,540,541,539,574,575
470,505,506,398,433,434,432,468,469,435,471,472,504,540,541,507,543,544,542,577,578
473,508,509,401,436,437,435,471,472,438,474,475,507,543,544,510,546,547,545,580,581
476,511,512,404,439,440,438,474,475,441,477,478,510,546,547,513,549,550,548,583,584
479,514,515,407,442,443,441,477,478,444,480,481,513,549,550,516,552,553,551,586,587
482,517,518,410,445,446,444,480,481,447,483,484,516,552,553,519,555,556,554,589,590
485,520,521,413,448,449,447,483,484,450,486,487,519,555,556,522,558,559,557,592,593
488,523,524,416,451,452,450,486,487,453,489,490,522,558,559,525,561,562,560,595,596
491,526,527,419,454,455,453,489,490,456,492,493,525,561,562,528,564,565,563,598,599
494,529,530,422,457,458,456,492,493,459,495,496,528,564,565,531,567,568,566,601,602
497,532,533,425,460,461,459,495,496,531,567,568,569,604,605
498,534,535,426,462,463,464,499,500,536,571,572,570,606,607
501,537,538,429,465,466,464,499,500,467,502,503,536,571,572,539,574,575,573,609,610
504,540,541,432,468,469,467,502,503,470,505,506,539,574,575,542,577,578,576,612,613
507,543,544,435,471,472,470,505,506,473,508,509,542,577,578,545,580,581,579,615,616
510,546,547,438,474,475,473,508,509,476,511,512,545,580,581,548,583,584,582,618,619
513,549,550,441,477,478,476,511,512,479,514,515,548,583,584,551,586,587,585,621,622
516,552,553,444,480,481,479,514,515,482,517,518,551,586,587,554,589,590,588,624,625
519,555,556,447,483,484,482,517,518,485,520,521,554,589,590,557,592,593,591,627,628
522,558,559,450,486,487,485,520,521,488,523,524,557,592,593,560,595,596,594,630,631
525,561,562,453,489,490,488,523,524,491,526,527,560,595,596,563,598,599,597,633,634
528,564,565,456,492,493,491,526,527,494,529,530,563,598,599,566,601,602,600,636,637
531,567,568,459,495,496,494,529,530,497,532,533,566,601,602,569,604,605,603,639,640
536,571,572,464,499,500,498,534,535,501,537,538,570,606,607,573,609,610,608,643,644
539,574,575,467,502,503,501,537,538,504,540,541,573,609,610,576,612,613,611,646,647
542,577,578,470,505,506,504,540,541,507,543,544,576,612,613,579,615,616,614,649,650
545,580,581,473,508,509,507,543,544,510,546,547,579,615,616,582,618,619,617,652,653
548,583,584,476,511,512,510,546,547,513,549,550,582,618,619,585,621,622,620,655,656
551,586,587,479,514,515,513,549,550,516,552,553,585,621,622,588,624,625,623,658,659
554,589,590,482,517,518,516,552,553,519,555,556,588,624,625,591,627,628,626,661,662
557,592,593,485,520,521,519,555,556,522,558,559,591,627,628,594,630,631,629,664,665
560,595,596,488,523,524,522,558,559,525,561,562,594,630,631,597,633,634,632,667,668
563,598,599,491,526,527,525,561,562,528,564,565,597,633,634,600,636,637,635,670,671
566,601,602,494,529,530,528,564,565,531,567,568,600,636,637,603,639,640,638,673,674
569,604,605,497,532,533,531,567,568,603,639,640,641,676,677
570,606,607,498,534,535,536,571,572,608,643,644,642,678,679
573,609,610,501,537,538,536,571,572,539,574,575,608,643,644,611,646,647,645,681,682
576,612,613,504,540,541,539,574,575,542,577,578,611,646,647,614,649,650,648,684,685
579,615,616,507,543,544,542,577,578,545,580,581,614,649,650,617,652,653,651,687,688
582,618,619,510,546,547,545,580,581,548,583,584,617,652,653,620,655,656,654,690,691
585,621,622,513,549,550,548,583,584,551,586,587,620,655,656,623,658,659,657,693,694
588,624,625,516,552,553,551,586,587,554,589,590,623,658,659,626,661,662,660,696,697
591,627,628,519,555,556,554,589,590,557,592,593,626,661,662,629,664,665,663,699,700
594,630,631,522,558,559,557,592,593,560,595,596,629,664,665,632,667,668,666,702,703
597,633,634,525,561,562,560,595,596,563,598,599,632,667,668,635,670,671,669,705,706
600,636,637,528,564,565,563,598,599,566,601,602,635,670,671,638,673,674,672,708,709
603,639,640,531,567,568,566,601,602,569,604,605,638,673,674,641,676,677,675,711,712
608,643,644,536,571,572,570,606,607,573,609,610,642,678,679,645,681,682,680,715,716
611,646,647,539,574,575,573,609,610,576,612,613,645,681,682,648,684,685,683,718,719
614,649,650,542,577,578,576,612,613,579,615,616,648,684,685,651,687,688,686,721,722
617,652,653,545,580,581,579,615,616,582,618,619,651,687,688,654,690,691,689,724,725
620,655,656,548,583,584,582,618,619,585,621,622,654,690,691,657,693,694,692,727,728
623,658,659,551,586,587,585,621,622,588,624,625,657,693,694,660,696,697,695,730,731
626,661,662,554,589,590,588,624,625,591,627,628,660,696,697,663,699,700,698,733,734
629,664,665,557,592,593,591,627,628,594,630,631,663,699,700,666,702,703,701,736,737
632,667,668,560,595,596,594,630,631,597,633,634,666,702,703,669,705,706,704,739,740
635,670,671,563,598,599,597,633,634,600,636,637,669,705,706,672,708,709,707,742,743
638,673,674,566,601,602,600,636,637,603,639,640,672,708,709,675,711,712,710,745,746
641,676,677,569,604,605,603,639,640,675,711,712,713,748,749
642,678,679,570,606,607,608,643,644,680,715,716,714,750,751
645,681,682,573,609,610,608,643,644,611,646,647,680,715,716,683,718,719,717,753,754
648,684,685,576,612,613,611,646,647,614,649,650,683,718,719,686,721,722,720,756,757
651,687,688,579,615,616,614,649,650,617,652,653,686,721,722,689,724,725,723,759,760
654,690,691,582,618,619,617,652,653,620,655,656,689,724,725,692,727,728,726,762,763
657,693,694,585,621,622,620,655,656,623,658,659,692,727,728,695,730,731,729,765,766
660,696,697,588,624,625,623,658,659,626,661,662,695,730,731,698,733,734,732,768,769
663,699,700,591,627,628,626,661,662,629,664,665,698,733,734,701,736,737,735,771,772
666,702,703,594,630,631,629,664,665,632,667,668,701,736,737,704,739,740,738,774,775
669,705,706,597,633,634,632,667,668,635,670,671,704,739,740,707,742,743,741,777,778
672,708,709,600,636,637,635,670,671,638,673,674,707,742,743,710,745,746,744,780,781
675,711,712,603,639,640,638,673,674,641,676,677,710,745,746,713,748,749,747,783,784
680,715,716,608,643,644,642,678,679,645,681,682,714,750,751,717,753,754,752,787,788
683,718,719,611,646,647,645,681,682,648,684,685,717,753,754,720,756,757,755,790,791
686,721,722,614,649,650,648,684,685,651,687,688,720,756,757,723,759,760,758,793,794
689,724,725,617,652,653,651,687,688,654,690,691,723,759,760,726,762,763,761,796,797
692,727,728,620,655,656,654,690,691,657,693,694,726,762,763,729,765,766,764,799,800
695,730,731,623,658,659,657,693,694,660,696,697,729,765,766,732,768,769,767,802,803
698,733,734,626,661,662,660,696,697,663,699,700,732,768,769,735,771,772,770,805,806
701,736,737,629,664,665,663,699,700,666,702,703,735,771,772,738,774,775,773,808,809
704,739,740,632,667,668,666,702,703,669,705,706,738,774,775,741,777,778,776,811,812
707,742,743,635,670,671,669,705,706,672,708,709,741,777,778,744,780,781,779,814,815
710,745,746,638,673,674,672,708,709,675,711,712,744,780,781,747,783,784,782,817,818
713,748,749,641,676,677,675,711,712,747,783,784,785,820,821
714,750,751,642,678,679,680,715,716,752,787,788,786,822,823
717,753,754,645,681,682,680,715,716,683,718,719,752,787,788,755,790,791,789,825,826
720,756,757,648,684,685,683,718,719,686,721,722,755,790,791,758,793,794,792,828,829
723,759,760,651,687,688,686,721,722,689,724,725,758,793,794,761,796,797,795,831,832
726,762,763,654,690,691,689,724,725,692,727,728,761,796,797,764,799,800,798,834,835
729,765,766,657,693,694,692,727,728,695,730,731,764,799,800,767,802,803,801,837,838
732,768,769,660,696,697,695,730,731,698,733,734,767,802,803,770,805,806,804,840,841
735,771,772,663,699,700,698,733,734,701,736,737,770,805,806,773,808,809,807,843,844
738,774,775,666,702,703,701,736,737,704,739,740,773,808,809,776,811,812,810,846,847
741,777,778,669,705,706,704,739,740,707,742,743,776,811,812,779,814,815,813,849,850
744,780,781,672,708,709,707,742,743,710,745,746,779,814,815,782,817,818,816,852,853
747,783,784,675,711,712,710,745,746,713,748,749,782,817,818,785,820,821,819,855,856
752,787,788,680,715,716,714,750,751,717,753,754,786,822,823,789,825,826,824,859,860
755,790,791,683,718,719,717,753,754,720,756,757,789,825,826,792,828,829,827,862,863
758,793,794,686,721,722,720,756,757,723,759,760,792,828,829,795,831,832,830,865,866
761,796,797,689,724,725,723,759,760,726,762,763,795,831,832,798,834,835,833,868,869
764,799,800,692,727,728,726,762,763,729,765,766,798,834,835,801,837,838,836,871,872
767,802,803,695,730,731,729,765,766,732,768,769,801,837,838,804,840,841,839,874,875
770,805,806,698,733,734,732,768,769,735,771,772,804,840,841,807,843,844,842,877,878
773,808,809,701,736,737,735,771,772,738,774,775,807,843,844,810,846,847,845,880,881
776,811,812,704,739,740,738,774,775,741,777,778,810,846,847,813,849,850,848,883,884
779,814,815,707,742,743,741,777,778,744,780,781,813,849,850,816,852,853,851,886,887
782,817,818,710,745,746,744,780,781,747,783,784,816,852,853,819,855,856,854,889,890
785,820,821,713,748,749,747,783,784,819,855,856,857,892,893
786,822,823,714,750,751,752,787,788,824,859,860,858,894,895
789,825,826,717,753,754,752,787,788,755,790,791,824,859,860,827,862,863,861,897,898
792,828,829,720,756,757,755,790,791,758,793,794,827,862,863,830,865,866,864,900,901
795,831,832,723,759,760,758,793,794,761,796,797,830,865,866,833,868,869,867,903,904
798,834,835,726,762,763,761,796,797,764,799,800,833,868,869,836,871,872,870,906,907
801,837,838,729,765,766,764,799,800,767,802,803,836,871,872,839,874,875,873,909,910
804,840,841,732,768,769,767,802,803,770,805,806,839,874,875,842,877,878,876,912,913
807,843,844,735,771,772,770,805,806,773,808,809,842,877,878,845,880,881,879,915,916
810,846,847,738,774,775,773,808,809,776,811,812,845,880,881,848,883,884,882,918,919
813,849,850,741,777,778,776,811,812,779,814,815,848,883,884,851,886,887,885,921,922
816,852,853,744,780,781,779,814,815,782,817,818,851,886,887,854,889,890,888,924,925
819,855,856,747,783,784,782,817,818,785,820,821,854,889,890,857,892,893,891,927,928
824,859,860,752,787,788,786,822,823,789,825,826,858,894,895,861,897,898,896,931,932
827,862,863,755,790,791,789,825,826,792,828,829,861,897,898,864,900,901,899,934,935
830,865,866,758,793,794,792,828,829,795,831,832,864,900,901,867,903,904,902,937,938
833,868,869,761,796,797,795,831,832,798,834,835,867,903,904,870,906,907,905,940,941
836,871,872,764,799,800,798,834,835,801,837,838,870,906,907,873,909,910,908,943,944
839,874,875,767,802,803,801,837,838,804,840,841,873,909,910,876,912,913,911,946,947
842,877,878,770,805,806,804,840,841,807,843,844,876,912,913,879,915,916,914,949,950
845,880,881,773,808,809,807,843,844,810,846,847,879,915,916,882,918,919,917,952,953
848,883,884,776,811,812,810,846,847,813,849,850,882,918,919,885,921,922,920,955,956
851,886,887,779,814,815,813,849,850,816,852,853,885,921,922,888,924,925,923,958,959
854,889,890,782,817,818,816,852,853,819,855,856,888,924,925,891,927,928,926,961,962
857,892,893,785,820,821,819,855,856,891,927,928,929,964,965
858,894,895,786,822,823,824,859,860,896,931,932,930,966,967
861,897,898,789,825,826,824,859,860,827,862,863,896,931,932,899,934,935,933,969,970
864,900,901,792,828,829,827,862,863,830,865,866,899,934,935,902,937,938,936,972,973
867,903,904,795,831,832,830,865,866,833,868,869,902,937,938,905,940,941,939,975,976
870,906,907,798,834,835,833,868,869,836,871,872,905,940,941,908,943,944,942,978,979
873,909,910,801,837,838,836,871,872,839,874,875,908,943,944,911,946,947,945,981,982
876,912,913,804,840,841,839,874,875,842,877,878,911,946,947,914,949,950,948,984,985
879,915,916,807,843,844,842,877,878,845,880,881,914,949,950,917,952,953,951,987,988
882,918,919,810,846,847,845,880,881,848,883,884,917,952,953,920,955,956,954,990,991
885,921,922,813,849,850,848,883,884,851,886,887,920,955,956,923,958,959,957,993,994
888,924,925,816,852,853,851,886,887,854,889,890,923,958,959,926,961,962,960,996,997
891,927,928,819,855,856,854,889,890,857,892,893,926,961,962,929,964,965,963,999,1000
896,931,932,824,859,860,858,894,895,861,897,898,930,966,967,933,969,970,968,1003,1004
899,934,935,827,862,863,861,897,898,864,900,901,933,969,970,936,972,973,971,1006,1007
902,937,938,830,865,866,864,900,901,867,903,904,936,972,973,939,975,976,974,1009,1010
905,940,941,833,868,869,867,903,904,870,906,907,939,975,976,942,978,979,977,1012,1013
908,943,944,836,871,872,870,906,907,873,909,910,942,978,979,945,981,982,980,1015,1016
911,946,947,839,874,875,873,909,910,876,912,913,945,981,982,948,984,985,983,1018,1019
914,949,950,842,877,878,876,912,913,879,915,916,948,984,985,951,987,988,986,1021,1022
917,952,953,845,880,881,879,915,916,882,918,919,951,987,988,954,990,991,989,1024,1025
920,955,956,848,883,884,882,918,919,885,921,922,954,990,991,957,993,994,992,1027,1028
923,958,959,851,886,887,885,921,922,888,924,925,957,993,994,960,996,997,995,1030,1031
926,961,962,854,889,890,888,924,925,891,927,928,960,996,997,963,999,1000,998,1033,1034
929,964,965,857,892,893,891,927,928,963,999,1000,1001,1036,1037
930,966,967,858,894,895,896,931,932,968,1003,1004,1002,1038,1039
933,969,970,861,897,898,896,931,932,899,934,935,968,1003,1004,971,1006,1007,1005,1041,1042
936,972,973,864,900,901,899,934,935,902,937,938,971,1006,1007,974,1009,1010,1008,1044,1045
939,975,976,867,903,904,902,937,938,905,940,941,974,1009,1010,977,1012,1013,1011,1047,1048
942,978,979,870,906,907,905,940,941,908,943,944,977,1012,1013,980,1015,1016,1014,1050,1051
945,981,982,873,909,910,908,943,944,911,946,947,980,1015,1016,983,1018,1019,1017,1053,1054
948,984,985,876,912,913,911,946,947,914,949,950,983,1018,1019,986,1021,1022,1020,1056,1057
951,987,988,879,915,916,914,949,950,917,952,953,986,1021,1022,989,1024,1025,1023,1059,1060
954,990,991,882,918,919,917,952,953,920,955,956,989,1024,1025,992,1027,1028,1026,1062,1063
957,993,994,885,921,922,920,955,956,923,958,959,992,1027,1028,995,1030,1031,1029,1065,1066
960,996,997,888,924,925,923,958,959,926,961,962,995,1030,1031,998,1033,1034,1032,1068,1069
963,999,1000,891,927,928,926,961,962,929,964,965,998,1033,1034,1001,1036,1037,1035,1071,1072
968,1003,1004,896,931,932,930,966,967,933,969,970,1002,1038,1039,1005,1041,1042,1040,1074,1075
971,1006,1007,899,934,935,933,969,970,936,972,973,1005,1041,1042,1008,1044,1045,1043,1077,1078
974,1009,1010,902,937,938,936,972,973,939,975,976,1008,1044,1045,1011,1047,1048,1046,1080,1081
977,1012,1013,905,940,941,939,975,976,942,978,979,1011,1047,1048,1014,1050,1051,1049,1083,1084
980,1015,1016,908,943,944,942,978,979,945,981,982,1014,1050,1051,1017,1053,1054,1052,1086,1087
983,1018,1019,911,946,947,945,981,982,948,984,985,1017,1053,1054,1020,1056,1057,1055,1089,1090
986,1021,1022,914,949,950,948,984,985,951,987,988,1020,1056,1057,1023,1059,1060,1058,1092,1093
989,1024,1025,917,952,953,951,987,988,954,990,991,1023,1059,1060,1026,1062,1063,1061,1095,1096
992,1027,1028,920,955,956,954,990,991,957,993,994,1026,1062,1063,1029,1065,1066,1064,1098,1099
995,1030,1031,923,958,959,957,993,994,960,996,997,1029,1065,1066,1032,1068,1069,1067,1101,1102
998,1033,1034,926,961,962,960,996,997,963,999,1000,1032,1068,1069,1035,1071,1072,1070,1104,1105
1001,1036,1037,929,964,965,963,999,1000,1035,1071,1072,1073,1107,1108
1002,1038,1039,930,966,967,968,1003,1004,1040,1074,1075
1005,1041,1042,933,969,970,968,1003,1004,971,1006,1007,1040,1074,1075,1043,1077,1078,1076,1109,1110
1008,1044,1045,936,972,973,971,1006,1007,974,1009,1010,1043,1077,1078,1046,1080,1081,1079,1112,1113
1011,1047,1048,939,975,976,974,1009,1010,977,1012,1013,1046,1080,1081,1049,1083,1084,1082,1115,1116
1014,1050,1051,942,978,979,977,1012,1013,980,1015,1016,1049,1083,1084,1052,1086,1087,1085,1118,1119
1017,1053,1054,945,981,982,980,1015,1016,983,1018,1019,1052,1086,1087,1055,1089,1090,1088,1121,1122
1020,1056,1057,948,984,985,983,1018,1019,986,1021,1022,1055,1089,1090,1058,1092,1093,1091,1124,1125
1023,1059,1060,951,987,988,986,1021,1022,989,1024,1025,1058,1092,1093,1061,1095,1096,1094,1127,1128
1026,1062,1063,954,990,991,989,1024,1025,992,1027,1028,1061,1095,1096,1064,1098,1099,1097,1130,1131
1029,1065,1066,957,993,994,992,1027,1028,995,1030,1031,1064,1098,1099,1067,1101,1102,1100,1133,1134
1032,1068,1069,960,996,997,995,1030,1031,998,1033,1034,1067,1101,1102,1070,1104,1105,1103,1136,1137
1035,1071,1072,963,999,1000,998,1033,1034,1001,1036,1037,1070,1104,1105,1073,1107,1108,1106,1139,1140
1040,1074,1075,968,1003,1004,1002,1038,1039,1005,1041,1042,1076,1109,1110
1043,1077,1078,971,1006,1007,1005,1041,1042,1008,1044,1045,1076,1109,1110,1079,1112,1113,1111,1141,1142
1046,1080,1081,974,1009,1010,1008,1044,1045,1011,1047,1048,1079,1112,1113,1082,1115,1116,1114,1144,1145
1049,1083,1084,977,1012,1013,1011,1047,1048,1014,1050,1051,1082,1115,1116,1085,1118,1119,1117,1147,1148
1052,1086,1087,980,1015,1016,1014,1050,1051,1017,1053,1054,1085,1118,1119,1088,1121,1122,1120,1150,1151
1055,1089,1090,983,1018,1019,1017,1053,1054,1020,1056,1057,1088,1121,1122,1091,1124,1125,1123,1153,1154
1058,1092,1093,986,1021,1022,1020,1056,1057,1023,1059,1060,1091,1124,1125,1094,1127,1128,1126,1156,1157
1061,1095,1096,989,1024,1025,1023,1059,1060,1026,1062,1063,1094,1127,1128,1097,1130,1131,1129,1159,1160
1064,1098,1099,992,1027,1028,1026,1062,1063,1029,1065,1066,1097,1130,1131,1100,1133,1134,1132,1162,1163
1067,1101,1102,995,1030,1031,1029,1065,1066,1032,1068,1069,1100,1133,1134,1103,1136,1137,1135,1165,1166
1070,1104,1105,998,1033,1034,1032,1068,1069,1035,1071,1072,1103,1136,1137,1106,1139,1140,1138,1168,1169
1073,1107,1108,1001,1036,1037,1035,1071,1072,1106,1139,1140
1076,1109,1110,1005,1041,1042,1040,1074,1075,1043,1077,1078,1111,1141,1142
1079,1112,1113,1008,1044,1045,1043,1077,1078,1046,1080,1081,1111,1141,1142,1114,1144,1145,1143,1170,1171
1082,1115,1116,1011,1047,1048,1046,1080,1081,1049,1083,1084,1114,1144,1145,1117,1147,1148,1146,1173,1174
1085,1118,1119,1014,1050,1051,1049,1083,1084,1052,1086,1087,1117,1147,1148,1120,1150,1151,1149,1176,1177
1088,1121,1122,1017,1053,1054,1052,1086,1087,1055,1089,1090,1120,1150,1151,1123,1153,1154,1152,1179,1180
1091,1124,1125,1020,1056,1057,1055,1089,1090,1058,1092,1093,1123,1153,1154,1126,1156,1157,1155,1182,1183
1094,1127,1128,1023,1059,1060,1058,1092,1093,1061,1095,1096,1126,1156,1157,1129,1159,1160,1158,1185,1186
1097,1130,1131,1026,1062,1063,1061,1095,1096,1064,1098,1099,1129,1159,1160,1132,1162,1163,1161,1188,1189
1100,1133,1134,1029,1065,1066,1064,1098,1099,1067,1101,1102,1132,1162,1163,1135,1165,1166,1164,1191,1192
1103,1136,1137,1032,1068,1069,1067,1101,1102,1070,1104,1105,1135,1165,1166,1138,1168,1169,1167,1194,1195
1106,1139,1140,1035,1071,1072,1070,1104,1105,1073,1107,1108,1138,1168,1169
1111,1141,1142,1043,1077,1078,1076,1109,1110,1079,1112,1113,1143,1170,1171
1114,1144,1145,1046,1080,1081,1079,1112,1113,1082,1115,1116,1143,1170,1171,1146,1173,1174,1172,1196,1197
1117,1147,1148,1049,1083,1084,1082,1115,1116,1085,1118,1119,1146,1173,1174,1149,1176,1177,1175,1199,1200
1120,1150,1151,1052,1086,1087,1085,1118,1119,1088,1121,1122,1149,1176,1177,1152,1179,1180,1178,1202,1203
1123,1153,1154,1055,1089,1090,1088,1121,1122,1091,1124,1125,1152,1179,1180,1155,1182,1183,1181,1205,1206
1126,1156,1157,1058,1092,1093,1091,1124,1125,1094,1127,1128,1155,1182,1183,1158,1185,1186,1184,1208,1209
1129,1159,1160,1061,1095,1096,1094,1127,1128,1097,1130,1131,1158,1185,1186,1161,1188,1189,1187,1211,1212
1132,1162,1163,1064,1098,1099,1097,1130,1131,1100,1133,1134,1161,1188,1189,1164,1191,1192,1190,1214,1215
1135,1165,1166,1067,1101,1102,1100,1133,1134,1103,1136,1137,1164,1191,1192,1167,1194,1195,1193,1217,1218
1138,1168,1169,1070,1104,1105,1103,1136,1137,1106,1139,1140,1167,1194,1195
1143,1170,1171,1079,1112,1113,1111,1141,1142,1114,1144,1145,1172,1196,1197
1146,1173,1174,1082,1115,1116,1114,1144,1145,1117,1147,1148,1172,1196,1197,1175,1199,1200,1198,1219,1220
1149,1176,1177,1085,1118,1119,1117,1147,1148,1120,1150,1151,1175,1199,1200,1178,1202,1203,1201,1222,1223
1152,1179,1180,1088,1121,1122,1120,1150,1151,1123,1153,1154,1178,1202,1203,1181,1205,1206,1204,1225,1226
1155,1182,1183,1091,1124,1125,1123,1153,1154,1126,1156,1157,1181,1205,1206,1184,1208,1209,1207,1228,1229
1158,1185,1186,1094,1127,1128,1126,1156,1157,1129,1159,1160,1184,1208,1209,1187,1211,1212,1210,1231,1232
1161,1188,1189,1097,1130,1131,1129,1159,1160,1132,1162,1163,1187,1211,1212,1190,1214,1215,1213,1234,1235
1164,1191,1192,1100,1133,1134,1132,1162,1163,1135,1165,1166,1190,1214,1215,1193,1217,1218,1216,1237,1238
1167,1194,1195,1103,1136,1137,1135,1165,1166,1138,1168,1169,1193,1217,1218
1172,1196,1197,1114,1144,1145,1143,1170,1171,1146,1173,1174,1198,1219,1220
1175,1199,1200,1117,1147,1148,1146,1173,1174,1149,1176,1177,1198,1219,1220,1201,1222,1223,1221,1239,1240
1178,1202,1203,1120,1150,1151,1149,1176,1177,1152,1179,1180,1201,1222,1223,1204,1225,1226,1224,1242,1243
1181,1205,1206,1123,1153,1154,1152,1179,1180,1155,1182,1183,1204,1225,1226,1207,1228,1229,1227,1245,1246
1184,1208,1209,1126,1156,1157,1155,1182,1183,1158,1185,1186,1207,1228,1229,1210,1231,1232,1230,1248,1249
1187,1211,1212,1129,1159,1160,1158,1185,1186,1161,1188,1189,1210,1231,1232,1213,1234,1235,1233,1251,1252
1190,1214,1215,1132,1162,1163,1161,1188,1189,1164,1191,1192,1213,1234,1235,1216,1237,1238,1236,1254,1255
1193,1217,1218,1135,1165,1166,1164,1191,1192,1167,1194,1195,1216,1237,1238
1198,1219,1220,1146,1173,1174,1172,1196,1197,1175,1199,1200,1221,1239,1240
1201,1222,1223,1149,1176,1177,1175,1199,1200,1178,1202,1203,1221,1239,1240,1224,1242,1243,1241,1256,1257
1204,1225,1226,1152,1179,1180,1178,1202,1203,1181,1205,1206,1224,1242,1243,1227,1245,1246,1244,1259,1260
1207,1228,1229,1155,1182,1183,1181,1205,1206,1184,1208,1209,1227,1245,1246,1230,1248,1249,1247,1262,1263
1210,1231,1232,1158,1185,1186,1184,1208,1209,1187,1211,1212,1230,1248,1249,1233,1251,1252,1250,1265,1266
1213,1234,1235,1161,1188,1189,1187,1211,1212,1190,1214,1215,1233,1251,1252,1236,1254,1255,1253,1268,1269
1216,1237,1238,1164,1191,1192,1190,1214,1215,1193,1217,1218,1236,1254,1255
1221,1239,1240,1175,1199,1200,1198,1219,1220,1201,1222,1223,1241,1256,1257
1224,1242,1243,1178,1202,1203,1201,1222,1223,1204,1225,1226,1241,1256,1257,1244,1259,1260,1258,1270,1271
1227,1245,1246,1181,1205,1206,1204,1225,1226,1207,1228,1229,1244,1259,1260,1247,1262,1263,1261,1273,1274
1230,1248,1249,1184,1208,1209,1207,1228,1229,1210,1231,1232,1247,1262,1263,1250,1265,1266,1264,1276,1277
1233,1251,1252,1187,1211,1212,1210,1231,1232,1213,1234,1235,1250,1265,1266,1253,1268,1269,1267,1279,1280
1236,1254,1255,1190,1214,1215,1213,1234,1235,1216,1237,1238,1253,1268,1269
1241,1256,1257,1201,1222,1223,1221,1239,1240,1224,1242,1243,1258,1270,1271
1244,1259,1260,1204,1225,1226,1224,1242,1243,1227,1245,1246,1258,1270,1271,1261,1273,1274,1272,1281,1282
1247,1262,1263,1207,1228,1229,1227,1245,1246,1230,1248,1249,1261,1273,1274,1264,1276,1277,1275,1284,1285
1250,1265,1266,1210,1231,1232,1230,1248,1249,1233,1251,1252,1264,1276,1277,1267,1279,1280,1278,1287,1288
1253,1268,1269,1213,1234,1235,1233,1251,1252,1236,1254,1255,1267,1279,1280
1258,1270,1271,1224,1242,1243,1241,1256,1257,1244,1259,1260,1272,1281,1282
1261,1273,1274,1227,1245,1246,1244,1259,1260,1247,1262,1263,1272,1281,1282,1275,1284,1285,1283,1289,1290
1264,1276,1277,1230,1248,1249,1247,1262,1263,1250,1265,1266,1275,1284,1285,1278,1287,1288,1286,1292,1293
1267,1279,1280,1233,1251,1252,1250,1265,1266,1253,1268,1269,1278,1287,1288
1272,1281,1282,1244,1259,1260,1258,1270,1271,1261,1273,1274,1283,1289,1290
1275,1284,1285,1247,1262,1263,1261,1273,1274,1264,1276,1277,1283,1289,1290,1286,1292,1293,1291,1294,1295
1278,1287,1288,1250,1265,1266,1264,1276,1277,1267,1279,1280,1286,1292,1293
1283,1289,1290,1261,1273,1274,1272,1281,1282,1275,1284,1285,1291,1294,1295
1286,1292,1293,1264,1276,1277,1275,1284,1285,1278,1287,1288,1291,1294,1295
1291,1294,1295,1275,1284,1285,1283,1289,1290,1286,1292,1293
